,name,label
0,3473b_s00000008.jpg,0
1,288b_s00000101.jpg,0
2,2457b_g00000452.jpg,0
3,2398b_s00000059.jpg,0
4,1473b_g00000205.jpg,0
5,3743b_g00000167.jpg,0
6,1325b_g00000050.jpg,0
7,602b_g00000156.jpg,0
8,2164b_g00000499.jpg,0
9,1954b_g00000556.jpg,0
10,3423b_g00000068.jpg,0
11,2679b_s00000125.jpg,0
12,2191b_g00000101.jpg,0
13,2149b_g00000395.jpg,0
14,1958b_g00000556.jpg,0
15,2698b_s00000249.jpg,0
16,3068b_s00000460.jpg,0
17,44b_g00000197.jpg,0
18,3396b_g00000192.jpg,0
19,3489b_s00000181.jpg,0
20,33b_g00000236.jpg,0
21,1285b_s00000057.jpg,0
22,3836b_g00000044.jpg,0
23,3503b_s00000182.jpg,0
24,2376b_s00000124.jpg,0
25,2741b_s00000100.jpg,0
26,352b_g00000298.jpg,0
27,1275b_g00000203.jpg,0
28,1264b_g00000427.jpg,0
29,2347b_s00000405.jpg,0
30,586b_s00000422.jpg,0
31,498b_g00000171.jpg,0
32,153b_g00000212.jpg,0
33,2160b_g00000499.jpg,0
34,833b_s00000459.jpg,0
35,2083b_g00000489.jpg,0
36,1860b_s00000088.jpg,0
37,1218b_s00000062.jpg,0
38,430b_s00000428.jpg,0
39,434b_s00000428.jpg,0
40,2603b_s00000017.jpg,0
41,3457b_s00000377.jpg,0
42,2055b_g00000350.jpg,0
43,242b_s00000060.jpg,0
44,2860b_g00000078.jpg,0
45,2904b_s00000065.jpg,0
46,3102b_g00000407.jpg,0
47,2768b_s00000445.jpg,0
48,67b_g00000277.jpg,0
49,2845b_s00000342.jpg,0
50,377b_g00000116.jpg,0
51,3533b_s00000207.jpg,0
52,2696b_s00000249.jpg,0
53,1327b_g00000050.jpg,0
54,3709b_s00000394.jpg,0
55,1897b_g00000419.jpg,0
56,2759b_s00000445.jpg,0
57,3573b_s00000215.jpg,0
58,358b_s00000333.jpg,0
59,1905b_s00000197.jpg,0
60,3234b_g00000215.jpg,0
61,2503b_g00000450.jpg,0
62,1307b_g00000559.jpg,0
63,3300b_s00000134.jpg,0
64,3774b_s00000418.jpg,0
65,3032b_s00000475.jpg,0
66,1531b_g00000060.jpg,0
67,2116b_g00000488.jpg,0
68,2044b_g00000169.jpg,0
69,3038b_g00000048.jpg,0
70,1351b_g00000431.jpg,0
71,2175b_s00000374.jpg,0
72,2193b_g00000101.jpg,0
73,581b_s00000422.jpg,0
74,1838b_s00000462.jpg,0
75,299b_g00000551.jpg,0
76,3079b_s00000327.jpg,0
77,220b_s00000073.jpg,0
78,3230b_g00000215.jpg,0
79,3798b_g00000512.jpg,0
80,2863b_g00000078.jpg,0
81,3291b_s00000163.jpg,0
82,2776b_s00000231.jpg,0
83,3233b_g00000215.jpg,0
84,1425b_s00000004.jpg,0
85,3844b_g00000348.jpg,0
86,3187b_s00000241.jpg,0
87,2403b_s00000059.jpg,0
88,1124b_g00000567.jpg,0
89,1876b_s00000439.jpg,0
90,1460b_s00000079.jpg,0
91,1022b_s00000043.jpg,0
92,2299b_s00000036.jpg,0
93,422b_s00000471.jpg,0
94,1931b_g00000204.jpg,0
95,289b_s00000101.jpg,0
96,3534b_s00000207.jpg,0
97,3507b_g00000100.jpg,0
98,3464b_s00000371.jpg,0
99,2448b_g00000496.jpg,0
100,840b_g00000062.jpg,0
101,2522b_s00000315.jpg,0
102,513b_s00000299.jpg,0
103,3074b_s00000460.jpg,0
104,3485b_s00000430.jpg,0
105,1965b_s00000239.jpg,0
106,640b_s00000264.jpg,0
107,3075b_s00000460.jpg,0
108,488b_g00000390.jpg,0
109,2142b_g00000185.jpg,0
110,2038b_g00000140.jpg,0
111,2010b_s00000393.jpg,0
112,3637b_s00000332.jpg,0
113,2556b_s00000170.jpg,0
114,1083b_s00000045.jpg,0
115,1215b_s00000062.jpg,0
116,2816b_s00000355.jpg,0
117,1067b_g00000506.jpg,0
118,1261b_g00000427.jpg,0
119,2928b_s00000037.jpg,0
120,281b_g00000494.jpg,0
121,2419b_s00000326.jpg,0
122,1299b_s00000206.jpg,0
123,2767b_s00000445.jpg,0
124,32b_g00000236.jpg,0
125,1801b_s00000209.jpg,0
126,1199b_g00000243.jpg,0
127,3443b_g00000064.jpg,0
128,1265b_g00000427.jpg,0
129,1591b_g00000432.jpg,0
130,3315b_g00000017.jpg,0
131,2837b_s00000293.jpg,0
132,3356b_s00000248.jpg,0
133,2790b_g00000406.jpg,0
134,2774b_s00000231.jpg,0
135,2796b_g00000406.jpg,0
136,1077b_s00000045.jpg,0
137,2549b_g00000090.jpg,0
138,3838b_g00000044.jpg,0
139,3735b_g00000320.jpg,0
140,2643b_s00000424.jpg,0
141,2117b_s00000089.jpg,0
142,582b_s00000422.jpg,0
143,3071b_s00000460.jpg,0
144,2936b_s00000166.jpg,0
145,1214b_s00000062.jpg,0
146,2537b_s00000416.jpg,0
147,3393b_g00000192.jpg,0
148,1065b_g00000506.jpg,0
149,3390b_g00000192.jpg,0
150,2511b_g00000450.jpg,0
151,410b_s00000411.jpg,0
152,1054b_g00000186.jpg,0
153,1038b_s00000451.jpg,0
154,2626b_g00000374.jpg,0
155,3761b_g00000051.jpg,0
156,93b_g00000503.jpg,0
157,616b_s00000064.jpg,0
158,194b_g00000290.jpg,0
159,3009b_g00000465.jpg,0
160,1382b_g00000294.jpg,0
161,3306b_s00000058.jpg,0
162,2857b_g00000085.jpg,0
163,689b_g00000326.jpg,0
164,2509b_g00000450.jpg,0
165,3675b_s00000263.jpg,0
166,3736b_g00000320.jpg,0
167,3205b_g00000146.jpg,0
168,2778b_s00000231.jpg,0
169,1580b_s00000087.jpg,0
170,1178b_g00000063.jpg,0
171,2923b_s00000037.jpg,0
172,2057b_g00000350.jpg,0
173,77b_g00000484.jpg,0
174,3333b_s00000286.jpg,0
175,1661b_s00000137.jpg,0
176,2217b_g00000114.jpg,0
177,1578b_s00000087.jpg,0
178,2062b_g00000350.jpg,0
179,74b_g00000484.jpg,0
180,2788b_s00000363.jpg,0
181,1424b_s00000004.jpg,0
182,2990b_s00000014.jpg,0
183,3848b_g00000501.jpg,0
184,2674b_s00000125.jpg,0
185,1986b_g00000397.jpg,0
186,1727b_g00000577.jpg,0
187,2106b_g00000332.jpg,0
188,1482b_g00000145.jpg,0
189,234b_g00000517.jpg,0
190,639b_s00000264.jpg,0
191,1530b_g00000060.jpg,0
192,2122b_s00000089.jpg,0
193,3788b_s00000358.jpg,0
194,2037b_g00000140.jpg,0
195,1744b_g00000534.jpg,0
196,3488b_s00000181.jpg,0
197,3309b_s00000058.jpg,0
198,1609b_g00000349.jpg,0
199,1408b_s00000419.jpg,0
200,37b_g00000109.jpg,0
201,2328b_g00000037.jpg,0
202,1998b_g00000157.jpg,0
203,2325b_g00000037.jpg,0
204,1881b_s00000439.jpg,0
205,1541b_s00000309.jpg,0
206,3727b_s00000021.jpg,0
207,1886b_s00000426.jpg,0
208,2529b_s00000315.jpg,0
209,3320b_s00000270.jpg,0
210,3603b_s00000257.jpg,0
211,355b_g00000298.jpg,0
212,1845b_s00000083.jpg,0
213,1890b_s00000426.jpg,0
214,1288b_s00000057.jpg,0
215,2950b_g00000094.jpg,0
216,500b_g00000171.jpg,0
217,3880b_s00000208.jpg,0
218,706b_s00000213.jpg,0
219,2045b_s00000303.jpg,0
220,266b_s00000345.jpg,0
221,634b_s00000264.jpg,0
222,1179b_s00000280.jpg,0
223,3579b_s00000215.jpg,0
224,3000b_g00000377.jpg,0
225,3462b_s00000371.jpg,0
226,2123b_s00000089.jpg,0
227,286b_s00000101.jpg,0
228,2550b_s00000170.jpg,0
229,1192b_s00000039.jpg,0
230,2917b_s00000097.jpg,0
231,2697b_s00000249.jpg,0
232,3436b_s00000473.jpg,0
233,1739b_s00000410.jpg,0
234,3840b_g00000533.jpg,0
235,2514b_g00000401.jpg,0
236,1177b_g00000063.jpg,0
237,1391b_g00000294.jpg,0
238,262b_s00000345.jpg,0
239,1726b_g00000577.jpg,0
240,3283b_g00000225.jpg,0
241,3683b_s00000263.jpg,0
242,35b_g00000236.jpg,0
243,3678b_s00000263.jpg,0
244,1328b_g00000050.jpg,0
245,2959b_s00000149.jpg,0
246,2519b_g00000401.jpg,0
247,396b_s00000180.jpg,0
248,2395b_s00000375.jpg,0
249,2228b_s00000167.jpg,0
250,3013b_g00000465.jpg,0
251,443b_g00000366.jpg,0
252,3120b_s00000467.jpg,0
253,1966b_s00000239.jpg,0
254,2967b_s00000149.jpg,0
255,1366b_g00000545.jpg,0
256,3358b_s00000248.jpg,0
257,1782b_s00000276.jpg,0
258,277b_g00000494.jpg,0
259,1588b_g00000432.jpg,0
260,3483b_s00000430.jpg,0
261,1847b_s00000083.jpg,0
262,363b_s00000333.jpg,0
263,1682b_s00000092.jpg,0
264,3395b_g00000192.jpg,0
265,3499b_s00000182.jpg,0
266,2858b_g00000085.jpg,0
267,2980b_s00000338.jpg,0
268,3853b_s00000346.jpg,0
269,1995b_g00000157.jpg,0
270,3691b_s00000436.jpg,0
271,3685b_s00000436.jpg,0
272,3461b_s00000371.jpg,0
273,2243b_s00000147.jpg,0
274,2219b_g00000114.jpg,0
275,3212b_s00000243.jpg,0
276,2085b_g00000489.jpg,0
277,2371b_s00000124.jpg,0
278,3792b_s00000358.jpg,0
279,2829b_g00000075.jpg,0
280,1216b_s00000062.jpg,0
281,2662b_g00000221.jpg,0
282,241b_s00000060.jpg,0
283,1455b_g00000103.jpg,0
284,3085b_s00000327.jpg,0
285,1466b_s00000079.jpg,0
286,2806b_s00000159.jpg,0
287,1462b_s00000079.jpg,0
288,104b_s00000226.jpg,0
289,2866b_g00000078.jpg,0
290,96b_g00000503.jpg,0
291,2760b_s00000445.jpg,0
292,3073b_s00000460.jpg,0
293,829b_s00000266.jpg,0
294,3758b_g00000051.jpg,0
295,2065b_s00000114.jpg,0
296,718b_s00000425.jpg,0
297,2294b_g00000409.jpg,0
298,2824b_g00000404.jpg,0
299,3213b_s00000243.jpg,0
300,3027b_s00000475.jpg,0
301,3808b_g00000214.jpg,0
302,3604b_s00000257.jpg,0
303,3191b_s00000241.jpg,0
304,1751b_g00000451.jpg,0
305,284b_s00000101.jpg,0
306,3316b_s00000270.jpg,0
307,2113b_g00000488.jpg,0
308,29b_g00000236.jpg,0
309,62b_g00000277.jpg,0
310,2003b_s00000393.jpg,0
311,1743b_g00000534.jpg,0
312,1030b_s00000192.jpg,0
313,2346b_s00000405.jpg,0
314,3706b_s00000394.jpg,0
315,3644b_g00000025.jpg,0
316,2972b_g00000541.jpg,0
317,3241b_g00000426.jpg,0
318,439b_g00000362.jpg,0
319,1835b_s00000462.jpg,0
320,2118b_s00000089.jpg,0
321,2588b_s00000171.jpg,0
322,3031b_s00000475.jpg,0
323,2163b_g00000499.jpg,0
324,2761b_s00000445.jpg,0
325,353b_g00000298.jpg,0
326,3023b_s00000412.jpg,0
327,3020b_s00000412.jpg,0
328,3156b_s00000314.jpg,0
329,3387b_s00000330.jpg,0
330,1576b_g00000149.jpg,0
331,1212b_s00000062.jpg,0
332,3653b_g00000025.jpg,0
333,1579b_s00000087.jpg,0
334,2874b_s00000138.jpg,0
335,2004b_s00000393.jpg,0
336,483b_g00000390.jpg,0
337,3775b_s00000418.jpg,0
338,1947b_s00000218.jpg,0
339,2707b_g00000250.jpg,0
340,2449b_g00000496.jpg,0
341,3479b_s00000430.jpg,0
342,1080b_s00000045.jpg,0
343,1685b_s00000092.jpg,0
344,1803b_s00000209.jpg,0
345,3437b_s00000473.jpg,0
346,2775b_s00000231.jpg,0
347,3716b_s00000260.jpg,0
348,3486b_s00000430.jpg,0
349,364b_s00000333.jpg,0
350,216b_s00000073.jpg,0
351,68b_g00000277.jpg,0
352,3591b_s00000478.jpg,0
353,2192b_g00000101.jpg,0
354,278b_g00000494.jpg,0
355,2743b_s00000100.jpg,0
356,2077b_g00000358.jpg,0
357,3403b_s00000220.jpg,0
358,3151b_s00000123.jpg,0
359,1117b_s00000281.jpg,0
360,1267b_g00000027.jpg,0
361,3097b_g00000483.jpg,0
362,84b_s00000078.jpg,0
363,2559b_s00000170.jpg,0
364,2182b_s00000477.jpg,0
365,3700b_s00000127.jpg,0
366,3030b_s00000475.jpg,0
367,1702b_s00000183.jpg,0
368,1982b_s00000255.jpg,0
369,2545b_g00000090.jpg,0
370,1469b_g00000205.jpg,0
371,2058b_g00000350.jpg,0
372,3707b_s00000394.jpg,0
373,1355b_s00000384.jpg,0
374,3215b_s00000243.jpg,0
375,2595b_g00000459.jpg,0
376,2402b_s00000059.jpg,0
377,2278b_g00000095.jpg,0
378,362b_s00000333.jpg,0
379,2886b_g00000211.jpg,0
380,151b_s00000122.jpg,0
381,2966b_s00000149.jpg,0
382,3257b_s00000302.jpg,0
383,3802b_g00000512.jpg,0
384,2459b_g00000452.jpg,0
385,2061b_g00000350.jpg,0
386,3734b_g00000320.jpg,0
387,2791b_g00000406.jpg,0
388,3425b_g00000258.jpg,0
389,3036b_g00000048.jpg,0
390,2976b_s00000338.jpg,0
391,630b_s00000169.jpg,0
392,1953b_g00000556.jpg,0
393,1266b_g00000427.jpg,0
394,2385b_g00000396.jpg,0
395,2839b_s00000293.jpg,0
396,2240b_s00000147.jpg,0
397,2631b_g00000374.jpg,0
398,3026b_s00000475.jpg,0
399,221b_s00000073.jpg,0
400,1738b_s00000410.jpg,0
401,3850b_s00000346.jpg,0
402,152b_s00000122.jpg,0
403,2286b_s00000472.jpg,0
404,2908b_s00000193.jpg,0
405,1039b_s00000451.jpg,0
406,1488b_g00000195.jpg,0
407,2622b_g00000515.jpg,0
408,1081b_s00000045.jpg,0
409,3322b_s00000270.jpg,0
410,3231b_g00000215.jpg,0
411,3580b_s00000215.jpg,0
412,75b_g00000484.jpg,0
413,1929b_g00000204.jpg,0
414,3746b_g00000167.jpg,0
415,3433b_s00000473.jpg,0
416,1903b_s00000197.jpg,0
417,1605b_s00000005.jpg,0
418,56b_s00000020.jpg,0
419,3839b_g00000533.jpg,0
420,617b_s00000064.jpg,0
421,18b_s00000054.jpg,0
422,3135b_g00000402.jpg,0
423,3649b_g00000025.jpg,0
424,3312b_g00000017.jpg,0
425,2610b_s00000017.jpg,0
426,2885b_g00000211.jpg,0
427,2548b_g00000090.jpg,0
428,3044b_g00000106.jpg,0
429,2517b_g00000401.jpg,0
430,1467b_s00000079.jpg,0
431,1645b_s00000431.jpg,0
432,1209b_s00000062.jpg,0
433,280b_g00000494.jpg,0
434,3487b_s00000181.jpg,0
435,1907b_s00000197.jpg,0
436,1572b_g00000149.jpg,0
437,1210b_s00000062.jpg,0
438,1855b_s00000088.jpg,0
439,9b_s00000023.jpg,0
440,3063b_s00000347.jpg,0
441,3411b_g00000227.jpg,0
442,1991b_g00000397.jpg,0
443,2336b_s00000072.jpg,0
444,1517b_g00000549.jpg,0
445,2999b_g00000377.jpg,0
446,1064b_g00000506.jpg,0
447,2678b_s00000125.jpg,0
448,267b_s00000345.jpg,0
449,930b_g00000357.jpg,0
450,578b_s00000228.jpg,0
451,192b_g00000290.jpg,0
452,1741b_s00000410.jpg,0
453,2552b_s00000170.jpg,0
454,2054b_g00000350.jpg,0
455,238b_s00000060.jpg,0
456,2396b_s00000059.jpg,0
457,1015b_s00000301.jpg,0
458,2281b_s00000472.jpg,0
459,2690b_s00000447.jpg,0
460,921b_s00000464.jpg,0
461,1988b_g00000397.jpg,0
462,3502b_s00000182.jpg,0
463,824b_s00000266.jpg,0
464,1356b_s00000384.jpg,0
465,1025b_s00000043.jpg,0
466,1521b_g00000549.jpg,0
467,1474b_g00000205.jpg,0
468,611b_s00000064.jpg,0
469,3397b_g00000192.jpg,0
470,1883b_s00000426.jpg,0
471,2954b_g00000094.jpg,0
472,3593b_s00000478.jpg,0
473,885b_s00000404.jpg,0
474,589b_s00000422.jpg,0
475,933b_g00000357.jpg,0
476,2208b_g00000137.jpg,0
477,1952b_s00000218.jpg,0
478,490b_g00000390.jpg,0
479,3104b_g00000407.jpg,0
480,3846b_g00000501.jpg,0
481,2084b_g00000489.jpg,0
482,2962b_s00000149.jpg,0
483,2496b_s00000325.jpg,0
484,2293b_g00000409.jpg,0
485,97b_s00000226.jpg,0
486,3244b_g00000426.jpg,0
487,2642b_s00000424.jpg,0
488,2838b_s00000293.jpg,0
489,3126b_g00000420.jpg,0
490,2327b_g00000037.jpg,0
491,1873b_s00000439.jpg,0
492,699b_s00000380.jpg,0
493,324b_g00000444.jpg,0
494,2742b_s00000100.jpg,0
495,1577b_g00000149.jpg,0
496,3332b_s00000286.jpg,0
497,292b_s00000101.jpg,0
498,3577b_s00000215.jpg,0
499,2230b_s00000167.jpg,0
500,1793b_g00000414.jpg,0
501,1784b_g00000104.jpg,0
502,2828b_g00000404.jpg,0
503,3867b_s00000094.jpg,0
504,3078b_s00000327.jpg,0
505,79b_s00000078.jpg,0
506,1037b_s00000451.jpg,0
507,3686b_s00000436.jpg,0
508,1182b_s00000280.jpg,0
509,3024b_s00000475.jpg,0
510,369b_g00000278.jpg,0
511,258b_g00000184.jpg,0
512,287b_s00000101.jpg,0
513,3361b_s00000248.jpg,0
514,1840b_s00000462.jpg,0
515,3594b_s00000244.jpg,0
516,3450b_g00000064.jpg,0
517,3400b_s00000220.jpg,0
518,1276b_g00000203.jpg,0
519,3576b_s00000215.jpg,0
520,2355b_g00000319.jpg,0
521,227b_g00000517.jpg,0
522,3445b_g00000064.jpg,0
523,3447b_g00000064.jpg,0
524,1197b_s00000039.jpg,0
525,414b_s00000111.jpg,0
526,3508b_g00000100.jpg,0
527,2206b_g00000352.jpg,0
528,3779b_s00000236.jpg,0
529,3254b_s00000302.jpg,0
530,585b_s00000422.jpg,0
531,2466b_g00000539.jpg,0
532,3693b_s00000436.jpg,0
533,2425b_s00000326.jpg,0
534,3134b_g00000402.jpg,0
535,1730b_g00000577.jpg,0
536,260b_g00000184.jpg,0
537,232b_g00000517.jpg,0
538,1324b_s00000289.jpg,0
539,1269b_g00000027.jpg,0
540,1426b_s00000004.jpg,0
541,273b_s00000391.jpg,0
542,3114b_s00000467.jpg,0
543,2120b_s00000089.jpg,0
544,926b_s00000464.jpg,0
545,3843b_g00000348.jpg,0
546,1058b_g00000186.jpg,0
547,1529b_g00000060.jpg,0
548,1399b_s00000227.jpg,0
549,3111b_s00000467.jpg,0
550,1491b_g00000195.jpg,0
551,321b_s00000336.jpg,0
552,2530b_s00000416.jpg,0
553,2927b_s00000037.jpg,0
554,1794b_g00000414.jpg,0
555,3039b_g00000048.jpg,0
556,3325b_s00000270.jpg,0
557,1599b_s00000005.jpg,0
558,3738b_g00000320.jpg,0
559,2764b_s00000445.jpg,0
560,2056b_g00000350.jpg,0
561,2090b_g00000246.jpg,0
562,1390b_g00000294.jpg,0
563,3323b_s00000270.jpg,0
564,293b_s00000101.jpg,0
565,2028b_g00000360.jpg,0
566,878b_g00000546.jpg,0
567,2793b_g00000406.jpg,0
568,330b_s00000353.jpg,0
569,3623b_s00000210.jpg,0
570,256b_g00000184.jpg,0
571,1990b_g00000397.jpg,0
572,2518b_g00000401.jpg,0
573,3795b_s00000358.jpg,0
574,3636b_s00000332.jpg,0
575,3796b_g00000512.jpg,0
576,1957b_g00000556.jpg,0
577,2399b_s00000059.jpg,0
578,2792b_g00000406.jpg,0
579,3406b_s00000220.jpg,0
580,291b_s00000101.jpg,0
581,3118b_s00000467.jpg,0
582,2273b_g00000095.jpg,0
583,532b_g00000468.jpg,0
584,3018b_s00000412.jpg,0
585,3132b_g00000529.jpg,0
586,3784b_s00000236.jpg,0
587,3585b_g00000296.jpg,0
588,1565b_g00000443.jpg,0
589,2030b_g00000360.jpg,0
590,2126b_s00000089.jpg,0
591,2632b_g00000374.jpg,0
592,2865b_g00000078.jpg,0
593,2797b_g00000406.jpg,0
594,1582b_g00000264.jpg,0
595,282b_g00000494.jpg,0
596,3873b_s00000094.jpg,0
597,3054b_s00000443.jpg,0
598,3022b_s00000412.jpg,0
599,698b_s00000380.jpg,0
600,2404b_s00000059.jpg,0
601,3869b_s00000094.jpg,0
602,3161b_s00000314.jpg,0
603,2956b_g00000094.jpg,0
604,2271b_g00000247.jpg,0
605,2924b_s00000037.jpg,0
606,2487b_g00000026.jpg,0
607,1874b_s00000439.jpg,0
608,1795b_g00000414.jpg,0
609,1917b_s00000341.jpg,0
610,1859b_s00000088.jpg,0
611,1260b_g00000427.jpg,0
612,2534b_s00000416.jpg,0
613,2229b_s00000167.jpg,0
614,1844b_s00000083.jpg,0
615,3871b_s00000094.jpg,0
616,2528b_s00000315.jpg,0
617,704b_s00000213.jpg,0
618,3495b_s00000181.jpg,0
619,3092b_g00000483.jpg,0
620,2524b_s00000315.jpg,0
621,1606b_g00000349.jpg,0
622,2060b_g00000350.jpg,0
623,2645b_g00000143.jpg,0
624,3801b_g00000512.jpg,0
625,3646b_g00000025.jpg,0
626,1816b_g00000519.jpg,0
627,542b_g00000035.jpg,0
628,1676b_s00000285.jpg,0
629,622b_g00000327.jpg,0
630,703b_s00000213.jpg,0
631,233b_g00000517.jpg,0
632,623b_g00000327.jpg,0
633,252b_g00000184.jpg,0
634,2350b_s00000142.jpg,0
635,3654b_s00000076.jpg,0
636,2542b_g00000090.jpg,0
637,2137b_g00000369.jpg,0
638,728b_g00000224.jpg,0
639,927b_s00000464.jpg,0
640,2280b_g00000095.jpg,0
641,928b_g00000357.jpg,0
642,892b_s00000337.jpg,0
643,3210b_s00000243.jpg,0
644,2512b_g00000401.jpg,0
645,3590b_s00000478.jpg,0
646,3340b_g00000160.jpg,0
647,3124b_g00000420.jpg,0
648,3630b_s00000332.jpg,0
649,2176b_s00000477.jpg,0
650,3188b_s00000241.jpg,0
651,1339b_s00000399.jpg,0
652,2446b_g00000496.jpg,0
653,2867b_g00000078.jpg,0
654,608b_s00000129.jpg,0
655,3726b_s00000021.jpg,0
656,3169b_g00000128.jpg,0
657,499b_g00000171.jpg,0
658,2050b_s00000303.jpg,0
659,3455b_s00000377.jpg,0
660,1650b_s00000431.jpg,0
661,791b_g00000400.jpg,0
662,3170b_g00000128.jpg,0
663,1839b_s00000462.jpg,0
664,1933b_s00000298.jpg,0
665,3305b_s00000058.jpg,0
666,147b_s00000122.jpg,0
667,1322b_s00000289.jpg,0
668,1994b_g00000157.jpg,0
669,2242b_s00000147.jpg,0
670,710b_s00000213.jpg,0
671,3687b_s00000436.jpg,0
672,219b_s00000073.jpg,0
673,1776b_s00000276.jpg,0
674,3226b_s00000214.jpg,0
675,2400b_s00000059.jpg,0
676,682b_g00000524.jpg,0
677,576b_s00000228.jpg,0
678,1200b_g00000243.jpg,0
679,1729b_g00000577.jpg,0
680,1381b_s00000173.jpg,0
681,3717b_s00000260.jpg,0
682,3737b_g00000320.jpg,0
683,3303b_s00000058.jpg,0
684,2553b_s00000170.jpg,0
685,2724b_g00000462.jpg,0
686,2277b_g00000095.jpg,0
687,3602b_s00000257.jpg,0
688,3852b_s00000346.jpg,0
689,356b_g00000298.jpg,0
690,3820b_s00000139.jpg,0
691,3064b_s00000347.jpg,0
692,801b_s00000011.jpg,0
693,694b_s00000380.jpg,0
694,1732b_g00000577.jpg,0
695,2955b_g00000094.jpg,0
696,319b_s00000336.jpg,0
697,497b_g00000171.jpg,0
698,218b_s00000073.jpg,0
699,624b_g00000327.jpg,0
700,2644b_s00000424.jpg,0
701,417b_s00000111.jpg,0
702,3037b_g00000048.jpg,0
703,3598b_s00000244.jpg,0
704,3681b_s00000263.jpg,0
705,2952b_g00000094.jpg,0
706,491b_g00000171.jpg,0
707,2888b_g00000211.jpg,0
708,1496b_g00000455.jpg,0
709,1397b_s00000227.jpg,0
710,2716b_s00000084.jpg,0
711,3159b_s00000314.jpg,0
712,2215b_g00000114.jpg,0
713,3442b_g00000064.jpg,0
714,1997b_g00000157.jpg,0
715,2049b_s00000303.jpg,0
716,2433b_s00000469.jpg,0
717,1804b_s00000209.jpg,0
718,1082b_s00000045.jpg,0
719,2068b_s00000114.jpg,0
720,2225b_s00000167.jpg,0
721,425b_s00000471.jpg,0
722,1232b_g00000513.jpg,0
723,839b_s00000459.jpg,0
724,3477b_s00000008.jpg,0
725,1475b_g00000205.jpg,0
726,3238b_g00000426.jpg,0
727,2842b_s00000293.jpg,0
728,2695b_s00000249.jpg,0
729,1777b_s00000276.jpg,0
730,1962b_s00000239.jpg,0
731,240b_s00000060.jpg,0
732,3434b_s00000473.jpg,0
733,3718b_s00000260.jpg,0
734,3781b_s00000236.jpg,0
735,1500b_s00000026.jpg,0
736,1281b_s00000057.jpg,0
737,3147b_s00000123.jpg,0
738,3692b_s00000436.jpg,0
739,507b_g00000315.jpg,0
740,3345b_g00000160.jpg,0
741,1595b_g00000432.jpg,0
742,3308b_s00000058.jpg,0
743,403b_s00000411.jpg,0
744,3301b_s00000134.jpg,0
745,239b_s00000060.jpg,0
746,3626b_s00000210.jpg,0
747,2523b_s00000315.jpg,0
748,2911b_s00000193.jpg,0
749,1684b_s00000092.jpg,0
750,3622b_s00000210.jpg,0
751,3772b_s00000418.jpg,0
752,3837b_g00000044.jpg,0
753,2356b_g00000319.jpg,0
754,583b_s00000422.jpg,0
755,3321b_s00000270.jpg,0
756,2211b_g00000137.jpg,0
757,3633b_s00000332.jpg,0
758,2850b_s00000342.jpg,0
759,2040b_g00000140.jpg,0
760,2447b_g00000496.jpg,0
761,1470b_g00000205.jpg,0
762,3531b_s00000207.jpg,0
763,2013b_g00000245.jpg,0
764,2036b_g00000140.jpg,0
765,1076b_s00000045.jpg,0
766,2246b_g00000177.jpg,0
767,2052b_s00000303.jpg,0
768,2352b_s00000142.jpg,0
769,3845b_g00000501.jpg,0
770,3521b_s00000010.jpg,0
771,1961b_g00000556.jpg,0
772,1960b_g00000556.jpg,0
773,2046b_s00000303.jpg,0
774,264b_s00000345.jpg,0
775,3572b_s00000215.jpg,0
776,3855b_s00000346.jpg,0
777,2538b_s00000416.jpg,0
778,2183b_s00000477.jpg,0
779,1400b_s00000227.jpg,0
780,3307b_s00000058.jpg,0
781,3391b_g00000192.jpg,0
782,3012b_g00000465.jpg,0
783,217b_s00000073.jpg,0
784,2303b_s00000036.jpg,0
785,3769b_s00000418.jpg,0
786,3529b_s00000207.jpg,0
787,271b_s00000391.jpg,0
788,3108b_s00000256.jpg,0
789,3262b_s00000302.jpg,0
790,794b_g00000400.jpg,0
791,2249b_g00000557.jpg,0
792,1573b_g00000149.jpg,0
793,1731b_g00000577.jpg,0
794,2920b_s00000097.jpg,0
795,1746b_g00000534.jpg,0
796,290b_s00000101.jpg,0
797,2427b_s00000326.jpg,0
798,638b_s00000264.jpg,0
799,3793b_s00000358.jpg,0
800,3690b_s00000436.jpg,0
801,2992b_s00000014.jpg,0
802,2516b_g00000401.jpg,0
803,2295b_g00000409.jpg,0
804,2223b_g00000114.jpg,0
805,3469b_s00000008.jpg,0
806,2855b_g00000085.jpg,0
807,2000b_g00000157.jpg,0
808,3842b_g00000348.jpg,0
809,533b_g00000468.jpg,0
810,2105b_g00000332.jpg,0
811,26b_g00000237.jpg,0
812,3725b_s00000021.jpg,0
813,3029b_s00000475.jpg,0
814,3324b_s00000270.jpg,0
815,2910b_s00000193.jpg,0
816,707b_s00000213.jpg,0
817,76b_g00000484.jpg,0
818,614b_s00000064.jpg,0
819,2227b_s00000167.jpg,0
820,2699b_s00000249.jpg,0
821,2473b_s00000275.jpg,0
822,2763b_s00000445.jpg,0
823,3493b_s00000181.jpg,0
824,3076b_s00000327.jpg,0
825,496b_g00000171.jpg,0
826,2125b_s00000089.jpg,0
827,2557b_s00000170.jpg,0
828,1936b_s00000298.jpg,0
829,224b_s00000073.jpg,0
830,2605b_s00000017.jpg,0
831,800b_s00000011.jpg,0
832,2536b_s00000416.jpg,0
833,1286b_s00000057.jpg,0
834,3128b_g00000213.jpg,0
835,2495b_s00000325.jpg,0
836,1733b_g00000577.jpg,0
837,2704b_g00000250.jpg,0
838,3160b_s00000314.jpg,0
839,1780b_s00000276.jpg,0
840,1198b_s00000039.jpg,0
841,1657b_s00000137.jpg,0
842,2547b_g00000090.jpg,0
843,3227b_s00000214.jpg,0
844,3446b_g00000064.jpg,0
845,2717b_s00000084.jpg,0
846,969b_g00000482.jpg,0
847,3597b_s00000244.jpg,0
848,1589b_g00000432.jpg,0
849,3441b_g00000064.jpg,0
850,3240b_g00000426.jpg,0
851,2222b_g00000114.jpg,0
852,3115b_s00000467.jpg,0
853,3679b_s00000263.jpg,0
854,3410b_g00000227.jpg,0
855,1765b_s00000344.jpg,0
856,3407b_s00000220.jpg,0
857,3117b_s00000467.jpg,0
858,2951b_g00000094.jpg,0
859,3082b_s00000327.jpg,0
860,3484b_s00000430.jpg,0
861,1649b_s00000431.jpg,0
862,325b_g00000444.jpg,0
863,693b_s00000380.jpg,0
864,275b_s00000391.jpg,0
865,38b_g00000109.jpg,0
866,73b_g00000484.jpg,0
867,420b_s00000111.jpg,0
868,3635b_s00000332.jpg,0
869,2968b_s00000149.jpg,0
870,3578b_s00000215.jpg,0
871,2195b_g00000356.jpg,0
872,2353b_g00000319.jpg,0
873,3058b_s00000347.jpg,0
874,279b_g00000494.jpg,0
875,3211b_s00000243.jpg,0
876,83b_s00000078.jpg,0
877,3245b_g00000426.jpg,0
878,2254b_g00000557.jpg,0
879,1737b_s00000410.jpg,0
880,2646b_g00000143.jpg,0
881,1187b_s00000280.jpg,0
882,2071b_s00000114.jpg,0
883,2141b_g00000185.jpg,0
884,2233b_s00000167.jpg,0
885,1315b_g00000552.jpg,0
886,683b_g00000524.jpg,0
887,2641b_s00000424.jpg,0
888,265b_s00000345.jpg,0
889,1224b_s00000465.jpg,0
890,1891b_s00000426.jpg,0
891,3235b_g00000215.jpg,0
892,222b_s00000073.jpg,0
893,3360b_s00000248.jpg,0
894,3377b_g00000500.jpg,0
895,876b_g00000546.jpg,0
896,34b_g00000236.jpg,0
897,3368b_g00000500.jpg,0
898,729b_g00000224.jpg,0
899,17b_s00000054.jpg,0
900,3865b_s00000094.jpg,0
901,2818b_s00000355.jpg,0
902,2258b_g00000557.jpg,0
903,3408b_g00000227.jpg,0
904,805b_g00000127.jpg,0
905,3525b_s00000207.jpg,0
906,3715b_s00000260.jpg,0
907,3021b_s00000412.jpg,0
908,3402b_s00000220.jpg,0
909,36b_g00000236.jpg,0
910,1464b_s00000079.jpg,0
911,3420b_g00000283.jpg,0
912,1959b_g00000556.jpg,0
913,2006b_s00000393.jpg,0
914,1996b_g00000157.jpg,0
915,3642b_g00000021.jpg,0
916,2598b_g00000459.jpg,0
917,2387b_g00000396.jpg,0
918,2351b_s00000142.jpg,0
919,1849b_s00000083.jpg,0
920,3851b_s00000346.jpg,0
921,19b_s00000054.jpg,0
922,3711b_s00000260.jpg,0
923,2963b_s00000149.jpg,0
924,2256b_g00000557.jpg,0
925,3148b_s00000123.jpg,0
926,2279b_g00000095.jpg,0
927,2260b_s00000251.jpg,0
928,2647b_g00000143.jpg,0
929,1955b_g00000556.jpg,0
930,384b_s00000025.jpg,0
931,3270b_g00000076.jpg,0
932,2630b_g00000374.jpg,0
933,1365b_g00000545.jpg,0
934,3627b_s00000210.jpg,0
935,705b_s00000213.jpg,0
936,2633b_g00000374.jpg,0
937,354b_g00000298.jpg,0
938,361b_s00000333.jpg,0
939,1304b_g00000096.jpg,0
940,3472b_s00000008.jpg,0
941,2237b_s00000147.jpg,0
942,1303b_g00000096.jpg,0
943,974b_g00000482.jpg,0
944,3476b_s00000008.jpg,0
945,2094b_g00000023.jpg,0
946,2426b_s00000326.jpg,0
947,2758b_g00000354.jpg,0
948,1629b_s00000449.jpg,0
949,913b_g00000487.jpg,0
950,2719b_s00000084.jpg,0
951,2526b_s00000315.jpg,0
952,2204b_g00000352.jpg,0
953,1812b_g00000335.jpg,0
954,257b_g00000184.jpg,0
955,2075b_g00000358.jpg,0
956,2008b_s00000393.jpg,0
957,2525b_s00000315.jpg,0
958,2751b_s00000261.jpg,0
959,3304b_s00000058.jpg,0
960,2795b_g00000406.jpg,0
961,2486b_g00000038.jpg,0
962,1553b_s00000265.jpg,0
963,3481b_s00000430.jpg,0
964,1375b_s00000173.jpg,0
965,3084b_s00000327.jpg,0
966,2973b_g00000541.jpg,0
967,2801b_s00000159.jpg,0
968,3154b_s00000314.jpg,0
969,3677b_s00000263.jpg,0
970,3421b_g00000068.jpg,0
971,3595b_s00000244.jpg,0
972,2843b_s00000342.jpg,0
973,2608b_s00000017.jpg,0
974,448b_s00000096.jpg,0
975,2276b_g00000095.jpg,0
976,1357b_s00000384.jpg,0
977,1843b_s00000083.jpg,0
978,2283b_s00000472.jpg,0
979,1884b_s00000426.jpg,0
980,2069b_s00000114.jpg,0
981,3374b_g00000500.jpg,0
982,2981b_s00000338.jpg,0
983,3424b_g00000068.jpg,0
984,283b_g00000494.jpg,0
985,3680b_s00000263.jpg,0
986,2181b_s00000477.jpg,0
987,3641b_g00000021.jpg,0
988,2300b_s00000036.jpg,0
989,3589b_s00000478.jpg,0
990,1063b_g00000506.jpg,0
991,2121b_s00000089.jpg,0
992,3480b_s00000430.jpg,0
993,1598b_s00000005.jpg,0
994,679b_s00000382.jpg,0
995,2802b_s00000159.jpg,0
996,3384b_s00000330.jpg,0
997,2451b_g00000496.jpg,0
998,3354b_s00000248.jpg,0
999,3496b_s00000181.jpg,0
